year,sex,age,labour_force,employed,unemployed,outside_labour_force
1991,male,15-19,36900,35700,1300,86000
1991,male,20-24,99400,96400,3000,21500
1991,male,25-29,134500,131000,3500,4300
1991,male,30-34,143300,140800,2500,1800
1991,male,35-39,131000,129100,1900,1200
1991,male,40-44,110200,108400,1900,1700
1991,male,45-49,64100,63100,1000,2300
1991,male,50-54,63100,61700,1400,5200
1991,male,55-59,38200,37800,400,15800
1991,male,60-64,21300,21000,300,24200
1991,male,65-69,8500,8500,-,20100
1991,male,70_and_over,5700,5700,100,37300
1991,female,15-19,30100,28200,1900,81800
1991,female,20-24,92100,89100,3000,23400
1991,female,25-29,100000,98200,1800,36300
1991,female,30-34,86100,85000,1100,57400
1991,female,35-39,70700,69400,1300,57000
1991,female,40-44,61600,60600,900,53000
1991,female,45-49,32900,32700,200,38400
1991,female,50-54,23000,22800,200,45000
1991,female,55-59,11200,11000,200,41900
1991,female,60-64,5500,5500,-,38600
1991,female,65-69,1900,1900,100,29100
1991,female,70_and_over,1700,1700,-,57300
1992,male,15-19,34100,32700,1400,85200
1992,male,20-24,98500,93500,4900,23100
1992,male,25-29,132600,127700,5000,4100
1992,male,30-34,147000,143400,3600,2000
1992,male,35-39,130300,127600,2700,2000
1992,male,40-44,113500,111100,2400,2000
1992,male,45-49,73700,71700,2000,3000
1992,male,50-54,63600,62200,1400,7700
1992,male,55-59,38800,38200,600,15900
1992,male,60-64,22500,22200,200,23400
1992,male,65-69,10700,10600,100,20600
1992,male,70_and_over,6500,6500,-,37500
1992,female,15-19,27800,25200,2700,82200
1992,female,20-24,91400,85200,6100,27900
1992,female,25-29,104100,101700,2400,34200
1992,female,30-34,90100,88300,1800,53500
1992,female,35-39,75100,74000,1100,59500
1992,female,40-44,63300,62700,600,53300
1992,female,45-49,37300,36900,400,41100
1992,female,50-54,26900,26500,400,46700
1992,female,55-59,12100,11900,100,41600
1992,female,60-64,5900,5800,100,41400
1992,female,65-69,2300,2300,-,29600
1992,female,70_and_over,1800,1800,-,57500
1993,male,15-19,27800,26700,1200,88600
1993,male,20-24,101100,96000,5100,24900
1993,male,25-29,126100,121000,5100,5300
1993,male,30-34,137400,134300,3100,2100
1993,male,35-39,136800,133900,2900,2200
1993,male,40-44,123500,121600,1800,2300
1993,male,45-49,85800,84300,1500,2900
1993,male,50-54,63700,62400,1300,6900
1993,male,55-59,39500,38800,700,15600
1993,male,60-64,23800,23500,400,23400
1993,male,65-69,10700,10500,200,21600
1993,male,70_and_over,7300,7200,100,42000
1993,female,15-19,25700,23000,2600,83900
1993,female,20-24,89800,83300,6600,28700
1993,female,25-29,95800,93400,2300,31800
1993,female,30-34,89600,88300,1300,54700
1993,female,35-39,78600,77200,1400,60800
1993,female,40-44,66600,65400,1200,56400
1993,female,45-49,43000,42400,600,44000
1993,female,50-54,26400,26000,400,44800
1993,female,55-59,14000,13700,200,44600
1993,female,60-64,5100,5000,100,42800
1993,female,65-69,2300,2300,-,33200
1993,female,70_and_over,1500,1500,-,57700
1994,male,15-19,25300,24100,1200,87000
1994,male,20-24,96500,91600,5000,27200
1994,male,25-29,124100,119300,4800,5100
1994,male,30-34,141200,138500,2700,2400
1994,male,35-39,144600,141800,2800,1800
1994,male,40-44,123400,121300,2100,1600
1994,male,45-49,93500,91800,1700,2800
1994,male,50-54,63700,62600,1100,6200
1994,male,55-59,42900,42200,700,14700
1994,male,60-64,23400,23000,400,24300
1994,male,65-69,11600,11500,-,22300
1994,male,70_and_over,8000,7900,100,40000
1994,female,15-19,20800,18500,2300,80500
1994,female,20-24,92000,85000,7000,29900
1994,female,25-29,100500,98100,2400,30300
1994,female,30-34,92400,90800,1600,55400
1994,female,35-39,83000,81900,1200,62100
1994,female,40-44,66900,65600,1300,56400
1994,female,45-49,47200,46500,700,46800
1994,female,50-54,27700,27400,300,44600
1994,female,55-59,16000,15800,200,45200
1994,female,60-64,6200,6100,200,42100
1994,female,65-69,3000,3000,-,34700
1994,female,70_and_over,1900,1800,-,61100
1996,male,15-19,24100,23000,1100,88300
1996,male,20-24,82200,77200,5000,28600
1996,male,25-29,110700,106300,4500,4100
1996,male,30-34,142500,139300,3200,2400
1996,male,35-39,151300,147800,3400,2700
1996,male,40-44,138000,134700,3200,2500
1996,male,45-49,115100,112600,2500,3800
1996,male,50-54,60400,58900,1500,5800
1996,male,55-59,49200,47800,1300,14400
1996,male,60-64,23000,22300,700,24100
1996,male,65-69,12800,12600,200,24800
1996,male,70_and_over,7300,7200,100,46900
1996,female,15-19,16400,14300,2100,87100
1996,female,20-24,82300,75400,6900,28100
1996,female,25-29,102300,99200,3100,26600
1996,female,30-34,102400,100900,1600,51200
1996,female,35-39,90800,88800,2000,61100
1996,female,40-44,78100,76500,1600,60200
1996,female,45-49,62300,61200,1100,52800
1996,female,50-54,28700,27800,900,36000
1996,female,55-59,18500,18200,400,45900
1996,female,60-64,7200,7000,300,41300
1996,female,65-69,3600,3600,-,37600
1996,female,70_and_over,2200,2200,-,69400
1997,male,15-19,18500,18000,600,92800
1997,male,20-24,82700,78800,3900,32900
1997,male,25-29,116200,112400,3800,6300
1997,male,30-34,141800,139000,2800,2100
1997,male,35-39,149800,147300,2500,2500
1997,male,40-44,141000,138000,3000,2900
1997,male,45-49,119800,117500,2300,3800
1997,male,50-54,72800,71000,1800,5800
1997,male,55-59,49200,48100,1100,15500
1997,male,60-64,24400,23700,600,24500
1997,male,65-69,13100,12800,200,24800
1997,male,70_and_over,6100,6000,100,46500
1997,female,15-19,14300,13200,1100,85600
1997,female,20-24,79300,74200,5100,31000
1997,female,25-29,106100,103500,2500,25400
1997,female,30-34,99700,97600,2100,50000
1997,female,35-39,88400,86800,1600,62800
1997,female,40-44,81900,80600,1300,60300
1997,female,45-49,66600,65400,1300,54300
1997,female,50-54,34200,33900,300,42100
1997,female,55-59,18600,18400,200,49700
1997,female,60-64,7700,7600,100,42500
1997,female,65-69,3800,3700,100,39000
1997,female,70_and_over,2200,2200,-,71900
1998,male,15-19,17700,17100,600,94600
1998,male,20-24,73500,68900,4600,32700
1998,male,25-29,110900,106100,4800,6600
1998,male,30-34,137300,133800,3400,2300
1998,male,35-39,152300,148300,4000,1900
1998,male,40-44,146200,142200,4000,2700
1998,male,45-49,123000,119100,3800,3600
1998,male,50-54,77900,75400,2500,7100
1998,male,55-59,50300,48700,1600,15300
1998,male,60-64,24200,23700,500,25100
1998,male,65-69,11600,11400,200,27800
1998,male,70_and_over,6900,6900,-,52900
1998,female,15-19,11400,9700,1700,91000
1998,female,20-24,68300,61100,7200,32800
1998,female,25-29,104400,100600,3800,26100
1998,female,30-34,103100,100500,2500,48000
1998,female,35-39,94600,92200,2400,59200
1998,female,40-44,89700,87800,1900,61000
1998,female,45-49,70100,68400,1700,55600
1998,female,50-54,40100,39300,800,46200
1998,female,55-59,20200,19800,400,46300
1998,female,60-64,7300,7200,200,45300
1998,female,65-69,3600,3600,-,40300
1998,female,70_and_over,1900,1900,-,78700
1999,male,15-19,19300,18600,700,92400
1999,male,20-24,71900,66800,5100,30400
1999,male,25-29,114700,109000,5800,7200
1999,male,30-34,141900,136700,5100,2800
1999,male,35-39,154900,149000,5800,2900
1999,male,40-44,146200,139600,6600,3600
1999,male,45-49,121800,115200,6600,3900
1999,male,50-54,85900,81600,4300,7300
1999,male,55-59,49700,47600,2200,15300
1999,male,60-64,28100,26900,1200,26100
1999,male,65-69,13300,12700,600,26700
1999,male,70_and_over,8800,8400,300,54000
1999,female,15-19,14900,12000,2900,85900
1999,female,20-24,71100,62800,8400,28900
1999,female,25-29,110000,105200,4700,26100
1999,female,30-34,103900,100000,3900,46000
1999,female,35-39,91100,87600,3500,61300
1999,female,40-44,90400,86700,3700,60100
1999,female,45-49,75200,72000,3200,50900
1999,female,50-54,43400,42300,1100,49500
1999,female,55-59,21600,20700,900,45100
1999,female,60-64,11500,10800,700,47700
1999,female,65-69,4100,4000,200,41200
1999,female,70_and_over,2100,2000,100,78700
2001,male,15-19,19600,18900,700,94300
2001,male,20-24,73300,69300,4000,32100
2001,male,25-29,110100,104800,5300,6100
2001,male,30-34,130200,126400,3800,2300
2001,male,35-39,155300,150500,4800,2300
2001,male,40-44,153700,148600,5100,2900
2001,male,45-49,131000,125600,5400,4800
2001,male,50-54,103600,99900,3700,10400
2001,male,55-59,43900,42100,1900,15200
2001,male,60-64,31600,30900,700,26900
2001,male,65-69,13600,13300,200,27100
2001,male,70_and_over,8200,8000,100,55800
2001,female,15-19,14800,11700,3100,89100
2001,female,20-24,66700,61100,5600,31100
2001,female,25-29,108800,104800,3900,22500
2001,female,30-34,104500,101800,2700,41800
2001,female,35-39,101000,97700,3300,60400
2001,female,40-44,96200,93600,2600,59100
2001,female,45-49,80200,77600,2600,51800
2001,female,50-54,56000,54700,1400,53400
2001,female,55-59,23300,22700,500,38500
2001,female,60-64,11700,11500,300,51400
2001,female,65-69,4400,4300,-,41800
2001,female,70_and_over,2500,2500,-,88700
2002,male,15-19,14000,13200,800,95100
2002,male,20-24,70900,65900,5000,34200
2002,male,25-29,106000,98500,7500,6600
2002,male,30-34,129300,124400,4900,2300
2002,male,35-39,157000,149700,7300,2800
2002,male,40-44,155200,147200,8000,3600
2002,male,45-49,135800,127300,8500,4500
2002,male,50-54,111100,104000,7000,9500
2002,male,55-59,58400,54500,3900,15200
2002,male,60-64,32500,31000,1500,28300
2002,male,65-69,14400,13900,500,30700
2002,male,70_and_over,8300,8000,300,60900
2002,female,15-19,11100,9000,2100,91100
2002,female,20-24,62300,52400,9900,36900
2002,female,25-29,104300,99400,5000,22300
2002,female,30-34,108500,103900,4700,41800
2002,female,35-39,99800,95500,4300,60600
2002,female,40-44,96200,92100,4100,58900
2002,female,45-49,84400,80100,4300,56800
2002,female,50-54,59300,56600,2700,55200
2002,female,55-59,29600,28600,1000,46800
2002,female,60-64,12700,12100,600,54200
2002,female,65-69,3800,3600,300,44200
2002,female,70_and_over,2800,2800,-,90900
2003,male,15-19,14700,14100,600,102500
2003,male,20-24,71100,66700,4400,33000
2003,male,25-29,105100,97400,7800,6700
2003,male,30-34,133500,126100,7400,2000
2003,male,35-39,149800,141800,8000,2800
2003,male,40-44,154300,145800,8600,4500
2003,male,45-49,142200,134500,7600,5900
2003,male,50-54,112500,105200,7300,9900
2003,male,55-59,67200,63100,4100,18200
2003,male,60-64,32300,31200,1100,31800
2003,male,65-69,15000,14400,600,33100
2003,male,70_and_over,8700,8500,200,66500
2003,female,15-19,10900,9200,1700,95200
2003,female,20-24,65400,55600,9800,33800
2003,female,25-29,107100,100700,6400,20300
2003,female,30-34,113500,107200,6400,39000
2003,female,35-39,102400,97300,5100,53900
2003,female,40-44,97900,92900,5100,58300
2003,female,45-49,85900,81400,4500,60000
2003,female,50-54,65500,62300,3100,55600
2003,female,55-59,30800,29800,1000,54300
2003,female,60-64,12900,12700,300,55400
2003,female,65-69,5400,5200,100,50800
2003,female,70_and_over,2500,2500,-,98400
2004,male,15-19,15000,14100,800,106200
2004,male,20-24,75100,69700,5300,34300
2004,male,25-29,104700,97000,7700,8800
2004,male,30-34,131200,126800,4500,2700
2004,male,35-39,138500,132100,6500,3200
2004,male,40-44,158700,149600,9000,4300
2004,male,45-49,147100,139200,7900,5400
2004,male,50-54,118700,110600,8100,8700
2004,male,55-59,74200,69700,4500,20600
2004,male,60-64,32900,31100,1800,29900
2004,male,65-69,14600,14100,500,35200
2004,male,70_and_over,6800,6700,100,66600
2004,female,15-19,13500,11000,2500,100900
2004,female,20-24,67100,57200,9800,36000
2004,female,25-29,103700,96900,6800,20100
2004,female,30-34,111300,105700,5600,37900
2004,female,35-39,101700,97100,4600,49300
2004,female,40-44,102000,97100,4900,57700
2004,female,45-49,92800,87600,5200,57600
2004,female,50-54,65200,62100,3000,58000
2004,female,55-59,38300,36700,1500,57200
2004,female,60-64,12000,11900,100,53100
2004,female,65-69,5500,5200,300,51200
2004,female,70_and_over,2700,2700,100,101500
2006,male,15-19,17200,16400,800,119500
2006,male,20-24,80200,74800,5400,32200
2006,male,25-29,104800,99600,5200,6700
2006,male,30-34,129000,124300,4700,2600
2006,male,35-39,142300,137800,4500,2600
2006,male,40-44,155600,150100,5500,3700
2006,male,45-49,156200,151100,5100,5600
2006,male,50-54,131900,126000,6000,9500
2006,male,55-59,92800,88400,4500,20500
2006,male,60-64,39800,37900,1900,23900
2006,male,65-69,20300,19400,900,36200
2006,male,70_and_over,11000,10700,300,75000
2006,female,15-19,14800,12400,2400,107300
2006,female,20-24,72500,64800,7700,31100
2006,female,25-29,107500,102200,5200,19700
2006,female,30-34,117800,113400,4400,33700
2006,female,35-39,108600,103600,5000,45700
2006,female,40-44,110000,106000,4100,52600
2006,female,45-49,106500,101900,4600,54400
2006,female,50-54,80100,77200,2900,54500
2006,female,55-59,49400,47500,2000,61300
2006,female,60-64,17600,16900,700,49600
2006,female,65-69,9800,9400,400,52900
2006,female,70_and_over,5000,4900,100,111400
2007,male,15-19,21600,20400,1100,120100
2007,male,20-24,73300,67900,5500,35300
2007,male,25-29,104000,98300,5700,7100
2007,male,30-34,129900,126600,3300,2300
2007,male,35-39,141700,138100,3600,2700
2007,male,40-44,148600,144700,3900,4300
2007,male,45-49,151500,146500,5100,5400
2007,male,50-54,132400,127800,4500,8400
2007,male,55-59,97400,93100,4300,17900
2007,male,60-64,45100,42900,2100,23700
2007,male,65-69,21600,20800,800,34200
2007,male,70_and_over,11400,11200,200,73100
2007,female,15-19,15000,12900,2100,112600
2007,female,20-24,67300,60200,7100,35300
2007,female,25-29,105900,101600,4300,16000
2007,female,30-34,115100,111200,3900,31400
2007,female,35-39,107800,103600,4300,42600
2007,female,40-44,108700,104700,4000,48700
2007,female,45-49,106500,103100,3500,55700
2007,female,50-54,85000,82000,2900,55500
2007,female,55-59,52300,50400,1900,59300
2007,female,60-64,21500,21000,500,52100
2007,female,65-69,9500,9100,400,51400
2007,female,70_and_over,5000,4900,-,114100
2008,male,15-19,19300,18800,500,119300
2008,male,20-24,75700,70100,5600,38900
2008,male,25-29,105100,98000,7100,7500
2008,male,30-34,124100,121100,3000,2400
2008,male,35-39,144800,141700,3100,3400
2008,male,40-44,149400,145300,4000,3900
2008,male,45-49,154800,150100,4700,5500
2008,male,50-54,134700,130200,4500,10100
2008,male,55-59,97900,94000,3900,17500
2008,male,60-64,51500,49800,1700,28100
2008,male,65-69,21800,20600,1200,32600
2008,male,70_and_over,14200,14000,200,75100
2008,female,15-19,14900,12600,2200,113300
2008,female,20-24,71300,63000,8300,35100
2008,female,25-29,104200,100000,4200,19100
2008,female,30-34,118800,114200,4500,28800
2008,female,35-39,119000,115100,3900,41000
2008,female,40-44,112700,108300,4400,48500
2008,female,45-49,107200,103600,3600,48800
2008,female,50-54,90100,87500,2600,55200
2008,female,55-59,54100,52500,1600,58600
2008,female,60-64,26700,25800,900,54000
2008,female,65-69,10400,10200,300,52300
2008,female,70_and_over,5700,5600,100,111600
2009,male,15-19,18000,17000,900,120200
2009,male,20-24,78800,70200,8600,42200
2009,male,25-29,111800,102500,9300,8000
2009,male,30-34,129300,124500,4800,3000
2009,male,35-39,141300,135000,6300,3200
2009,male,40-44,150800,145100,5700,3400
2009,male,45-49,152800,146200,6600,5700
2009,male,50-54,138600,132100,6500,9600
2009,male,55-59,102300,96300,6000,15500
2009,male,60-64,61100,57500,3700,26800
2009,male,65-69,24700,23500,1200,32000
2009,male,70_and_over,17300,16400,900,81100
2009,female,15-19,13800,10500,3300,118400
2009,female,20-24,67500,57300,10200,41800
2009,female,25-29,108900,101600,7300,18400
2009,female,30-34,119000,112800,6200,30000
2009,female,35-39,127600,120700,6900,41400
2009,female,40-44,112400,106100,6300,45400
2009,female,45-49,109100,103100,6000,51600
2009,female,50-54,94600,89800,4800,55600
2009,female,55-59,57200,54400,2800,58300
2009,female,60-64,31000,29600,1400,63100
2009,female,65-69,11200,10800,400,52000
2009,female,70_and_over,6700,6400,300,122500
2010,male,15-19,24100,22900,1200,113800
2010,male,20-24,82800,75900,6900,42300
2010,male,25-29,113600,106900,6600,8200
2010,male,30-34,131800,127300,4500,3000
2010,male,35-39,150100,145600,4500,3000
2010,male,40-44,141800,137600,4100,4700
2010,male,45-49,154100,149400,4600,6200
2010,male,50-54,137100,132000,5200,10900
2010,male,55-59,110900,107100,3800,19600
2010,male,60-64,63500,61300,2200,30600
2010,male,65-69,24400,23700,700,31400
2010,male,70_and_over,17400,16800,600,79900
2010,female,15-19,17000,14000,3000,113000
2010,female,20-24,74800,66200,8500,39700
2010,female,25-29,109600,103800,5800,18300
2010,female,30-34,123000,118400,4600,28400
2010,female,35-39,124900,121500,3400,41100
2010,female,40-44,112700,108400,4300,42400
2010,female,45-49,112800,109300,3500,50900
2010,female,50-54,98600,95500,3100,53300
2010,female,55-59,67500,65700,1800,63100
2010,female,60-64,35200,34200,900,64200
2010,female,65-69,11500,11200,300,48900
2010,female,70_and_over,8100,8000,200,127500
2011,male,15-19,21200,20400,800,124000
2011,male,20-24,82800,76700,6100,48300
2011,male,25-29,108300,102700,5600,9600
2011,male,30-34,127800,123900,3900,3500
2011,male,35-39,143900,140300,3600,3300
2011,male,40-44,139400,136100,3300,4200
2011,male,45-49,153900,149700,4200,6400
2011,male,50-54,144000,138700,5300,10000
2011,male,55-59,113300,109400,4000,19000
2011,male,60-64,74200,71400,2800,30200
2011,male,65-69,29800,28700,1100,30800
2011,male,70_and_over,21800,20900,900,84500
2011,female,15-19,12900,10600,2400,118700
2011,female,20-24,79200,70500,8700,47500
2011,female,25-29,106400,101900,4500,16300
2011,female,30-34,121600,117400,4200,28600
2011,female,35-39,124300,120000,4300,35800
2011,female,40-44,117500,113300,4200,41500
2011,female,45-49,115500,111200,4300,46100
2011,female,50-54,102800,99700,3100,52700
2011,female,55-59,74500,72200,2200,60600
2011,female,60-64,40300,38900,1400,64700
2011,female,65-69,15300,15200,100,48600
2011,female,70_and_over,9400,9100,300,133700
2012,male,15-19,19400,18400,1000,121700
2012,male,20-24,90600,84500,6000,49800
2012,male,25-29,104200,98400,5800,11700
2012,male,30-34,123500,120700,2900,3600
2012,male,35-39,140400,137800,2600,2600
2012,male,40-44,143700,140300,3400,4300
2012,male,45-49,151000,146700,4200,7000
2012,male,50-54,145200,140700,4500,9500
2012,male,55-59,120800,117300,3500,15700
2012,male,60-64,82000,79200,2700,28000
2012,male,65-69,33900,32200,1800,30600
2012,male,70_and_over,22900,22000,900,88000
2012,female,15-19,14500,12500,2000,118200
2012,female,20-24,80700,71600,9200,48300
2012,female,25-29,103100,99300,3800,15700
2012,female,30-34,121400,117600,3800,24300
2012,female,35-39,125900,121200,4700,33600
2012,female,40-44,121900,118100,3800,41000
2012,female,45-49,118600,114800,3800,43000
2012,female,50-54,104000,100500,3500,54600
2012,female,55-59,76200,74000,2200,59400
2012,female,60-64,45700,44100,1600,64000
2012,female,65-69,19200,18500,700,53700
2012,female,70_and_over,10800,10300,500,135000
2013,male,15-19,18300,17500,800,120500
2013,male,20-24,84400,79000,5500,49100
2013,male,25-29,102400,96000,6300,12600
2013,male,30-34,126100,122700,3400,3600
2013,male,35-39,138200,134700,3400,3500
2013,male,40-44,143300,139500,3800,4300
2013,male,45-49,149600,145700,3900,6100
2013,male,50-54,147200,142900,4200,9500
2013,male,55-59,121600,118400,3300,17200
2013,male,60-64,86500,83000,3600,28900
2013,male,65-69,39400,37700,1700,34400
2013,male,70_and_over,26200,25200,1000,88200
2013,female,15-19,13000,11400,1600,114200
2013,female,20-24,72700,62900,9800,48600
2013,female,25-29,107300,102200,5100,14600
2013,female,30-34,122600,118300,4200,23800
2013,female,35-39,124200,119000,5100,32100
2013,female,40-44,123000,118900,4100,40100
2013,female,45-49,116700,112600,4100,42900
2013,female,50-54,108000,105100,2900,54300
2013,female,55-59,83700,80800,2900,57900
2013,female,60-64,50300,49300,1100,63600
2013,female,65-69,22000,21100,900,56800
2013,female,70_and_over,12300,12100,100,140300
2014,male,15-19,19400,18500,900,111100
2014,male,20-24,84900,79300,5600,48500
2014,male,25-29,109100,101800,7300,13000
2014,male,30-34,126800,123100,3700,3300
2014,male,35-39,135600,132000,3600,3800
2014,male,40-44,142200,137600,4600,4600
2014,male,45-49,139400,136000,3400,5200
2014,male,50-54,146000,143000,3000,9600
2014,male,55-59,128300,124300,4000,18300
2014,male,60-64,94700,91900,2800,28200
2014,male,65-69,46300,44600,1700,39300
2014,male,70_and_over,29900,28900,1000,96300
2014,female,15-19,11600,10100,1500,108900
2014,female,20-24,76300,67400,8900,51200
2014,female,25-29,108500,103100,5300,14000
2014,female,30-34,123300,119000,4300,24800
2014,female,35-39,120600,116700,4000,28500
2014,female,40-44,123800,119600,4100,34800
2014,female,45-49,113600,109900,3700,40600
2014,female,50-54,114600,111600,2900,48200
2014,female,55-59,92000,89600,2400,57800
2014,female,60-64,56100,54200,1800,67300
2014,female,65-69,27800,27100,800,66400
2014,female,70_and_over,14600,14100,500,150800
2015,male,15-19,24100,22900,1200,107700
2015,male,20-24,84600,77400,7200,46800
2015,male,25-29,108000,101800,6200,10800
2015,male,30-34,123600,119900,3600,3300
2015,male,35-39,136800,133900,2900,3500
2015,male,40-44,146800,143400,3400,4300
2015,male,45-49,141600,137300,4200,4600
2015,male,50-54,149700,145800,3900,9300
2015,male,55-59,130900,126500,4400,17500
2015,male,60-64,95200,91300,3900,28100
2015,male,65-69,48100,45700,2400,40100
2015,male,70_and_over,26800,25800,1000,93100
2015,female,15-19,16000,14000,2100,106200
2015,female,20-24,81600,72700,8800,41500
2015,female,25-29,111400,106100,5300,12800
2015,female,30-34,120100,116300,3800,23100
2015,female,35-39,130000,127100,2900,29100
2015,female,40-44,129200,124900,4300,34700
2015,female,45-49,117000,113600,3400,38000
2015,female,50-54,113000,109600,3400,47000
2015,female,55-59,92800,89900,3000,54900
2015,female,60-64,59500,57900,1600,65200
2015,female,65-69,30300,29300,1000,67100
2015,female,70_and_over,15200,14600,600,145900
2016,male,15-19,22900,22200,800,104600
2016,male,20-24,84700,78800,5900,50600
2016,male,25-29,118000,110000,8000,13200
2016,male,30-34,122800,119300,3500,3800
2016,male,35-39,135500,131500,4000,3000
2016,male,40-44,139800,135800,4000,4100
2016,male,45-49,139300,135100,4200,5400
2016,male,50-54,147400,143000,4400,11300
2016,male,55-59,131600,126700,5000,16700
2016,male,60-64,100100,97000,3100,30100
2016,male,65-69,55000,52500,2500,43800
2016,male,70_and_over,27300,26400,900,96500
2016,female,15-19,15000,12800,2200,105700
2016,female,20-24,77800,68400,9400,47700
2016,female,25-29,121300,116500,4900,12600
2016,female,30-34,121900,117700,4100,21000
2016,female,35-39,124200,118800,5400,26600
2016,female,40-44,128600,124400,4200,31800
2016,female,45-49,120700,115900,4800,35800
2016,female,50-54,114800,110900,4000,48500
2016,female,55-59,95300,92000,3400,55800
2016,female,60-64,64000,61800,2200,67200
2016,female,65-69,32900,31800,1100,71700
2016,female,70_and_over,16600,16000,600,153400
2017,male,15-19,22900,22300,700,104700
2017,male,20-24,81200,73400,7800,48300
2017,male,25-29,114700,107400,7400,11800
2017,male,30-34,120000,117100,3000,3200
2017,male,35-39,141100,136600,4500,3400
2017,male,40-44,150400,146300,4100,4600
2017,male,45-49,145800,142000,3900,5200
2017,male,50-54,145000,139100,5900,8700
2017,male,55-59,125600,120500,5200,17200
2017,male,60-64,100000,96500,3500,28500
2017,male,65-69,55600,53000,2600,45800
2017,male,70_and_over,36300,35300,1000,110000
2017,female,15-19,12100,10300,1800,106100
2017,female,20-24,71900,61700,10200,44900
2017,female,25-29,114500,109900,4600,13200
2017,female,30-34,122400,119200,3200,18400
2017,female,35-39,133900,129300,4600,27700
2017,female,40-44,130600,125200,5500,34900
2017,female,45-49,126600,122200,4400,36200
2017,female,50-54,109800,105100,4700,44300
2017,female,55-59,87900,85000,2900,54300
2017,female,60-64,66500,64800,1700,66800
2017,female,65-69,36400,35400,1000,74200
2017,female,70_and_over,18200,17800,400,171000
2018,male,15-19,23900,23300,700,106000
2018,male,20-24,77300,70900,6400,51000
2018,male,25-29,117600,110500,7200,12100
2018,male,30-34,122600,119200,3400,2800
2018,male,35-39,138400,134500,3900,3900
2018,male,40-44,147400,143800,3500,4200
2018,male,45-49,144200,139500,4700,6900
2018,male,50-54,145600,140400,5200,11300
2018,male,55-59,132000,128200,3900,18000
2018,male,60-64,101000,97700,3400,32400
2018,male,65-69,58400,56200,2200,43600
2018,male,70_and_over,35200,33200,2100,108200
2018,female,15-19,13800,12100,1800,105200
2018,female,20-24,73900,65000,8900,44600
2018,female,25-29,119100,113000,6100,14100
2018,female,30-34,118700,114800,3800,21100
2018,female,35-39,132300,128600,3700,29500
2018,female,40-44,131000,127300,3800,30800
2018,female,45-49,126700,122200,4500,35500
2018,female,50-54,114200,110700,3500,45600
2018,female,55-59,92500,89100,3400,56500
2018,female,60-64,69900,68200,1700,71500
2018,female,65-69,35200,34300,900,69400
2018,female,70_and_over,21700,21200,500,169700
2019,male,15-19,22100,20800,1300,104000
2019,male,20-24,75800,68800,7000,52100
2019,male,25-29,122500,113500,9000,13600
2019,male,30-34,126300,122900,3400,4200
2019,male,35-39,134100,131300,2800,3100
2019,male,40-44,137500,134500,2900,3800
2019,male,45-49,150200,145300,4900,6300
2019,male,50-54,142300,137400,4900,9200
2019,male,55-59,134700,128900,5700,19700
2019,male,60-64,103700,101100,2600,31600
2019,male,65-69,63000,60800,2100,46400
2019,male,70_and_over,39000,37100,1900,114900
2019,female,15-19,14100,11800,2300,99600
2019,female,20-24,73100,62500,10600,43200
2019,female,25-29,116400,111100,5300,12800
2019,female,30-34,127400,123000,4400,16800
2019,female,35-39,132600,128500,4100,27800
2019,female,40-44,132600,127400,5200,30800
2019,female,45-49,133900,128600,5400,32800
2019,female,50-54,114500,109600,4900,46000
2019,female,55-59,102400,98900,3500,59400
2019,female,60-64,66500,64800,1700,64500
2019,female,65-69,40800,39500,1200,74800
2019,female,70_and_over,23100,22200,900,176700
2020,male,15-19,19100,18100,1000,94600
2020,male,20-24,67900,60300,7600,55900
2020,male,25-29,121100,110800,10300,14000
2020,male,30-34,130900,126500,4400,4300
2020,male,35-39,137200,132500,4700,3900
2020,male,40-44,141200,136900,4300,3800
2020,male,45-49,151200,145600,5600,6100
2020,male,50-54,137900,131400,6500,10000
2020,male,55-59,134300,128300,6000,19900
2020,male,60-64,106600,101300,5400,30400
2020,male,65-69,65300,61700,3600,43900
2020,male,70_and_over,47300,44700,2600,124500
2020,female,15-19,11100,8200,2800,93200
2020,female,20-24,67700,55500,12200,50500
2020,female,25-29,126500,119800,6700,12300
2020,female,30-34,130600,125800,4800,17500
2020,female,35-39,135300,129200,6100,25000
2020,female,40-44,128000,122300,5700,29300
2020,female,45-49,126700,120700,6000,34000
2020,female,50-54,110800,105700,5100,43900
2020,female,55-59,101000,96200,4800,54800
2020,female,60-64,75300,72400,2800,67800
2020,female,65-69,43900,41200,2700,71100
2020,female,70_and_over,28600,27600,1000,190000
2021,male,15-19,16600,15900,700,77800
2021,male,20-24,68500,63200,5300,47500
2021,male,25-29,122800,114600,8200,13300
2021,male,30-34,151200,145500,5700,4700
2021,male,35-39,146400,141600,4800,3900
2021,male,40-44,143700,138900,4900,4300
2021,male,45-49,142100,135200,6900,5400
2021,male,50-54,118100,113900,4200,7300
2021,male,55-59,124800,120300,4500,14700
2021,male,60-64,115300,110600,4800,30300
2021,male,65-69,75300,72300,3000,47900
2021,male,70_and_over,50800,48300,2400,120400
2021,female,15-19,12200,11000,1200,76600
2021,female,20-24,70600,60800,9700,36100
2021,female,25-29,120900,114600,6300,12600
2021,female,30-34,154400,148300,6100,17000
2021,female,35-39,137300,132500,4700,23400
2021,female,40-44,136900,129800,7100,24700
2021,female,45-49,124600,117100,7500,30000
2021,female,50-54,103100,99000,4100,32300
2021,female,55-59,97800,93600,4100,49000
2021,female,60-64,84100,81400,2600,72800
2021,female,65-69,50100,48700,1400,73200
2021,female,70_and_over,30300,29300,1000,178900
2022,male,15-19,17500,17000,500,72600
2022,male,20-24,62200,57400,4700,46100
2022,male,25-29,101000,95500,5500,14400
2022,male,30-34,146700,142700,4000,3600
2022,male,35-39,143600,139700,3800,2900
2022,male,40-44,149700,146400,3300,4000
2022,male,45-49,157700,152600,5100,6400
2022,male,50-54,138400,134000,4400,9200
2022,male,55-59,139900,135200,4700,18000
2022,male,60-64,115300,111600,3700,30300
2022,male,65-69,73300,70400,2800,49200
2022,male,70_and_over,55300,53600,1600,131700
2022,female,15-19,11200,9800,1300,79500
2022,female,20-24,53400,47800,5600,40100
2022,female,25-29,103200,97500,5700,10000
2022,female,30-34,141400,136000,5400,15700
2022,female,35-39,139800,135500,4300,22800
2022,female,40-44,149600,146300,3300,30100
2022,female,45-49,148400,143000,5400,31100
2022,female,50-54,117800,113900,3900,38800
2022,female,55-59,102600,99500,3200,50300
2022,female,60-64,84000,81600,2500,65800
2022,female,65-69,50400,48600,1800,77600
2022,female,70_and_over,35800,34700,1100,196000
